"phrase","cpc","intents.0","intents.1","intents.2","position","traffic","trafficPercent","trafficCost","trafficCostPercent","volume","keywordDifficulty","url","crawledTime"
"seo news","5.11","I","","","53","9","75","45","64.28","90500","91","https://www.searchprex.com/resources/news","2026-08-18"
"seo updates","8.63","I","","","47","3","25","25","35.71","12100","81","https://www.searchprex.com/resources/news","2026-08-17"
"seo update today","0","I","","","47","0","0","0","0","40","77","https://www.searchprex.com/resources/news","2026-08-18"
"seo for lawyers philadelphia","0","I","","","99","0","0","0","0","90","5","https://www.searchprex.com/services","2026-08-07"
"seo simulator","5.16","I","","","62","0","0","0","0","90","47","https://www.searchprex.com/tools","2026-08-09"
"seo algorithm update today","0","I","","","78","0","0","0","0","320","65","https://www.searchprex.com/resources/news","2026-08-21"
"seo algorithm update today","0","I","","","80","0","0","0","0","320","65","https://www.searchprex.com/resources/news","2026-08-21"
"seo expert el cajon","0","C","","","77","0","0","0","0","50","5","https://www.searchprex.com/experts","2026-08-09"
"local seo news today october 2025","0","I","","","74","0","0","0","0","50","20","https://www.searchprex.com/resources/news","2026-08-18"
"serps finder","0","I","","","61","0","0","0","0","480","52","https://www.searchprex.com/tools/serp-checker","2026-08-22"
"seo new","0","I","","","76","0","0","0","0","1000","91","https://www.searchprex.com/resources/news","2026-08-21"
"attorney seo services chandler","0","C","","","87","0","0","0","0","40","1","https://www.searchprex.com/services","2026-08-16"
"seo expert witness services","14.93","I","","","98","0","0","0","0","210","10","https://www.searchprex.com/services","2026-08-21"
"seo for tax lawyers","0","I","","","96","0","0","0","0","40","1","https://www.searchprex.com/services","2026-08-17"
"seo news today google algorithm update","0","I","","","57","0","0","0","0","140","80","https://www.searchprex.com/resources/news","2026-08-18"
"law firm seo sugarland","0","I","","","86","0","0","0","0","90","4","https://www.searchprex.com/services","2026-08-07"
"seo updates today google","0","I","","","60","0","0","0","0","110","88","https://www.searchprex.com/resources/news","2026-08-14"
"divorce attorney seo detroit","0","C","","","28","0","0","0","0","50","2","https://www.searchprex.com/locations/michigan/detroit","2026-08-14"
"26329: serp ranking","0","I","","","96","0","0","0","0","50","18","https://www.searchprex.com/tools/serp-checker","2026-08-16"
"local seo updates","0","I","","","66","0","0","0","0","1300","58","https://www.searchprex.com/resources/news","2026-08-17"
"attorneys manhattan ks","37.48","C","","","33","0","0","0","0","70","44","https://www.searchprex.com/locations/kansas/manhattan","2026-08-18"
"sportsdevil seo michael","0","I","","","24","0","0","0","0","260","11","https://www.searchprex.com/case-studies/ecommerce/michigan-outdoor-sports","2026-08-02"
"seo new update","4.55","I","","","54","0","0","0","0","480","82","https://www.searchprex.com/resources/news","2026-08-19"
"search engine experts llc","0","I","","","85","0","0","0","0","390","35","https://www.searchprex.com/","2026-08-14"
"manhattan ks car accident lawyer","0","C","","","28","0","0","0","0","40","1","https://www.searchprex.com/locations/kansas/manhattan","2026-08-16"
"seo latest news","0","I","","","76","0","0","0","0","720","85","https://www.searchprex.com/resources/news","2026-08-20"
"latest update of seo","4.55","I","","","52","0","0","0","0","40","72","https://www.searchprex.com/resources/news","2026-08-21"
"new update in seo","0","I","","","53","0","0","0","0","210","81","https://www.searchprex.com/resources/news","2026-08-19"
"local seo updates september 2025","0","I","","","80","0","0","0","0","40","24","https://www.searchprex.com/resources/news","2026-08-14"
"searchpro systems","0","N","","","50","0","0","0","0","70","27","https://www.searchprex.com/","2026-08-19"
"new seo update","0","I","","","56","0","0","0","0","140","74","https://www.searchprex.com/resources/news","2026-08-14"
"seo news today","0","I","","","73","0","0","0","0","27100","82","https://www.searchprex.com/resources/news","2026-08-18"
"local search experts","0","I","","","89","0","0","0","0","210","24","https://www.searchprex.com/experts","2026-08-20"
"search engine optimization updates","8.63","I","","","58","0","0","0","0","260","79","https://www.searchprex.com/resources/news","2026-08-14"
"lawyer seo services cleveland oh","0","I","","","64","0","0","0","0","170","2","https://www.searchprex.com/services","2026-07-24"
"seo news update","0","I","","","72","0","0","0","0","480","74","https://www.searchprex.com/resources/news","2026-08-20"
"seo news update","0","I","","","94","0","0","0","0","480","74","https://www.searchprex.com/resources/news","2026-08-20"
"seo updates news","0","I","","","37","0","0","0","0","170","72","https://www.searchprex.com/resources/news","2026-08-20"
"seo update","8.63","I","","","47","0","0","0","0","2400","63","https://www.searchprex.com/resources/news","2026-08-21"
"seo updates 2018","0","I","","","64","0","0","0","0","40","63","https://www.searchprex.com/resources/news","2026-08-19"
"seo latest update","4.55","I","","","46","0","0","0","0","170","75","https://www.searchprex.com/resources/news","2026-08-17"
"seo tools script","0","I","","","36","0","0","0","0","70","15","https://www.searchprex.com/tools","2026-08-19"
"seo updates today","0","I","","","55","0","0","0","0","880","78","https://www.searchprex.com/resources/news","2026-08-18"
"news about seo","5.11","I","","","48","0","0","0","0","170","73","https://www.searchprex.com/resources/news","2026-08-14"
"news about seo","5.11","I","","","54","0","0","0","0","170","73","https://www.searchprex.com/resources/news","2026-08-14"
"what's new in seo","6.17","I","","","54","0","0","0","0","30","72","https://www.searchprex.com/resources/news","2026-08-13"
"ai intake specialist for law firms","0","C","I","","75","0","0","0","0","40","6","https://www.searchprex.com/intake-assistant","2026-08-16"
"seo changes 2017","0","I","","","57","0","0","0","0","70","8","https://www.searchprex.com/resources/news","2026-08-20"
"denton seo experts","0","C","","","91","0","0","0","0","70","4","https://www.searchprex.com/experts","2026-08-05"
"schieler mew","0","C","","","77","0","0","0","0","90","17","https://www.searchprex.com/experts","2026-08-13"
"attorney search engine optimization new mexico","0","I","","","95","0","0","0","0","390","9","https://www.searchprex.com/services","2026-08-02"
"google seo news","0","I","","","36","0","0","0","0","2900","79","https://www.searchprex.com/resources/news","2026-08-19"
"search engine optimization for bankruptcy attorneys","0","C","","","97","0","0","0","0","590","6","https://www.searchprex.com/services","2026-08-21"